Customer_ID,Age,Gender,Annual_Income,Join_Date,Total_Spend
CUST-1000,35,Female,62000.0,2023-01-15,300.0
CUST-1001,29,Female,85000.0,2023-01-15,300.0
CUST-1002,50,Male,45000.0,2023-01-15,150.5
CUST-1003,35,Female,62000.0,2023-01-15,1200.75
CUST-1004,45,Female,62000.0,2023-01-15,300.0
CUST-1005,50,Male,120000.0,2023-01-15,1200.75
CUST-1006,50,Female,62000.0,2023-01-15,1200.75
CUST-1007,35,Female,45000.0,2023-01-15,150.5
CUST-1008,35,Female,62000.0,2023-01-15,150.5
CUST-1009,45,Female,45000.0,2023-01-15,150.5
CUST-1010,35,Female,120000.0,2023-01-15,300.0
CUST-1011,45,Female,120000.0,2023-01-15,300.0
CUST-1012,45,Female,62000.0,2023-01-15,300.0
CUST-1013,50,Female,62000.0,2023-01-15,300.0
CUST-1014,29,Female,62000.0,2023-01-15,300.0
CUST-1015,45,Female,62000.0,2023-01-15,1200.75
CUST-1016,35,Female,62000.0,2023-01-15,1200.75
CUST-1017,50,Female,62000.0,2023-01-15,300.0
CUST-1018,35,Male,62000.0,2023-01-15,300.0
CUST-1019,29,Female,85000.0,2023-01-15,300.0
CUST-1020,35,Female,85000.0,2023-01-15,300.0
CUST-1021,35,Female,85000.0,2023-01-15,1200.75
CUST-1022,35,Male,85000.0,2023-01-15,150.5
CUST-1023,29,Female,45000.0,2023-01-15,300.0
CUST-1024,50,Male,85000.0,2023-01-15,300.0
CUST-1025,22,Female,62000.0,2023-01-15,1200.75
CUST-1026,29,Male,120000.0,2023-01-15,300.0
CUST-1027,35,Male,120000.0,2023-01-15,300.0
CUST-1028,35,Female,45000.0,2023-01-15,300.0
CUST-1029,50,Male,85000.0,2023-01-15,300.0
CUST-1030,29,Female,85000.0,2023-01-15,150.5
CUST-1031,22,Male,85000.0,2023-01-15,300.0
CUST-1032,22,Female,62000.0,2023-01-15,1200.75
CUST-1033,45,Male,62000.0,2023-01-15,300.0
CUST-1034,45,Female,62000.0,2023-01-15,1200.75
CUST-1035,35,Male,62000.0,2023-01-15,300.0
CUST-1036,35,Female,85000.0,2023-01-15,300.0
CUST-1037,29,Female,85000.0,2023-01-15,300.0
CUST-1038,29,Female,62000.0,2023-01-15,300.0
CUST-1039,35,Female,62000.0,2023-01-15,1200.75
CUST-1040,35,Male,62000.0,2023-01-15,300.0
CUST-1041,35,Female,120000.0,2023-01-15,300.0
CUST-1042,35,Female,62000.0,2023-01-15,300.0
CUST-1043,35,Male,62000.0,2023-01-15,1200.75
CUST-1044,45,Male,62000.0,2023-01-15,300.0
CUST-1045,29,Male,62000.0,2023-01-15,150.5
CUST-1046,35,Male,62000.0,2023-01-15,1200.75
CUST-1047,29,Female,45000.0,2023-01-15,1200.75
CUST-1048,22,Male,62000.0,2023-01-15,300.0
CUST-1049,45,Female,45000.0,2023-01-15,300.0
CUST-1050,50,Female,120000.0,2023-01-15,1200.75
CUST-1051,45,Male,62000.0,2023-01-15,1200.75
CUST-1052,35,Female,62000.0,2023-01-15,300.0
CUST-1053,50,Female,62000.0,2023-01-15,300.0
CUST-1054,22,Male,45000.0,2023-01-15,150.5
CUST-1055,35,Female,62000.0,2023-01-15,300.0
CUST-1056,35,Female,62000.0,2023-01-15,150.5
CUST-1057,29,Female,62000.0,2023-01-15,300.0
CUST-1058,22,Female,85000.0,2023-01-15,300.0
CUST-1059,29,Female,45000.0,2023-01-15,300.0
CUST-1060,35,Female,62000.0,2023-01-15,300.0
CUST-1061,35,Female,45000.0,2023-01-15,300.0
CUST-1062,35,Male,45000.0,2023-01-15,300.0
CUST-1063,22,Female,62000.0,2023-01-15,300.0
CUST-1064,35,Male,62000.0,2023-01-15,300.0
CUST-1065,50,Male,85000.0,2023-01-15,300.0
CUST-1066,35,Female,62000.0,2023-01-15,300.0
CUST-1067,29,Female,45000.0,2023-01-15,300.0
CUST-1068,29,Male,62000.0,2023-01-15,150.5
CUST-1069,35,Female,120000.0,2023-01-15,1200.75
CUST-1070,29,Female,45000.0,2023-01-15,150.5
CUST-1071,35,Female,45000.0,2023-01-15,300.0
CUST-1072,29,Female,85000.0,2023-01-15,300.0
CUST-1073,50,Female,62000.0,2023-01-15,300.0
CUST-1074,35,Male,120000.0,2023-01-15,300.0
CUST-1075,45,Female,62000.0,2023-01-15,300.0
CUST-1076,35,Female,62000.0,2023-01-15,300.0
CUST-1077,22,Female,62000.0,2023-01-15,300.0
CUST-1078,29,Female,120000.0,2023-01-15,300.0
CUST-1079,35,Female,62000.0,2023-01-15,300.0
CUST-1080,29,Female,62000.0,2023-01-15,1200.75
CUST-1081,35,Male,62000.0,2023-01-15,1200.75
CUST-1082,35,Male,62000.0,2023-01-15,300.0
CUST-1083,35,Female,62000.0,2023-01-15,300.0
CUST-1084,35,Female,85000.0,2023-01-15,300.0
CUST-1085,35,Female,85000.0,2023-01-15,1200.75
CUST-1086,29,Male,85000.0,2023-01-15,300.0
CUST-1087,35,Female,62000.0,2023-01-15,300.0
CUST-1088,50,Female,85000.0,2023-01-15,300.0
CUST-1089,35,Female,120000.0,2023-01-15,150.5
CUST-1090,35,Female,62000.0,2023-01-15,1200.75
CUST-1091,35,Male,62000.0,2023-01-15,300.0
CUST-1092,29,Male,62000.0,2023-01-15,300.0
CUST-1093,35,Female,62000.0,2023-01-15,300.0
CUST-1094,35,Female,85000.0,2023-01-15,300.0
CUST-1095,35,Female,85000.0,2023-01-15,300.0
CUST-1096,29,Male,45000.0,2023-01-15,300.0
CUST-1097,35,Female,62000.0,2023-01-15,300.0
CUST-1098,35,Female,120000.0,2023-01-15,300.0
CUST-1099,35,Male,62000.0,2023-01-15,150.5
CUST-1100,35,Male,45000.0,2023-01-15,300.0
CUST-1101,35,Male,45000.0,2023-01-15,300.0
CUST-1102,29,Male,62000.0,2023-01-15,150.5
CUST-1103,22,Male,62000.0,2023-01-15,300.0
CUST-1104,35,Female,62000.0,2023-01-15,300.0
CUST-1105,50,Female,120000.0,2023-01-15,150.5
CUST-1106,50,Female,45000.0,2023-01-15,1200.75
CUST-1107,35,Female,45000.0,2023-01-15,150.5
CUST-1108,35,Male,62000.0,2023-01-15,150.5
CUST-1109,50,Male,120000.0,2023-01-15,300.0
CUST-1110,35,Female,45000.0,2023-01-15,300.0
CUST-1111,22,Male,120000.0,2023-01-15,1200.75
CUST-1112,29,Female,62000.0,2023-01-15,300.0
CUST-1113,29,Female,85000.0,2023-01-15,300.0
CUST-1114,29,Male,45000.0,2023-01-15,150.5
CUST-1115,50,Male,62000.0,2023-01-15,300.0
CUST-1116,22,Female,62000.0,2023-01-15,300.0
CUST-1117,50,Male,120000.0,2023-01-15,300.0
CUST-1118,35,Male,62000.0,2023-01-15,1200.75
CUST-1119,50,Female,62000.0,2023-01-15,300.0
CUST-1120,22,Male,45000.0,2023-01-15,1200.75
CUST-1121,22,Male,120000.0,2023-01-15,300.0
CUST-1122,35,Female,85000.0,2023-01-15,300.0
CUST-1123,22,Female,62000.0,2023-01-15,300.0
CUST-1124,22,Male,45000.0,2023-01-15,300.0
CUST-1125,29,Male,62000.0,2023-01-15,150.5
CUST-1126,35,Male,62000.0,2023-01-15,150.5
CUST-1127,45,Male,120000.0,2023-01-15,300.0
CUST-1128,45,Male,62000.0,2023-01-15,300.0
CUST-1129,22,Female,62000.0,2023-01-15,1200.75
CUST-1130,45,Female,85000.0,2023-01-15,300.0
CUST-1131,45,Female,85000.0,2023-01-15,150.5
CUST-1132,22,Female,62000.0,2023-01-15,150.5
CUST-1133,45,Female,62000.0,2023-01-15,300.0
CUST-1134,50,Female,62000.0,2023-01-15,300.0
CUST-1135,35,Male,45000.0,2023-01-15,150.5
CUST-1136,35,Female,45000.0,2023-01-15,1200.75
CUST-1137,35,Male,62000.0,2023-01-15,300.0
CUST-1138,22,Male,62000.0,2023-01-15,300.0
CUST-1139,29,Male,62000.0,2023-01-15,300.0
CUST-1140,35,Female,62000.0,2023-01-15,300.0
CUST-1141,22,Male,62000.0,2023-01-15,150.5
CUST-1142,29,Male,120000.0,2023-01-15,150.5
CUST-1143,35,Female,62000.0,2023-01-15,300.0
CUST-1144,22,Male,85000.0,2023-01-15,300.0
CUST-1145,35,Male,62000.0,2023-01-15,300.0
CUST-1146,35,Male,62000.0,2023-01-15,1200.75
CUST-1147,35,Female,62000.0,2023-01-15,300.0
CUST-1148,50,Male,45000.0,2023-01-15,300.0
CUST-1149,45,Male,85000.0,2023-01-15,300.0
CUST-1150,29,Male,85000.0,2023-01-15,300.0
CUST-1151,35,Female,62000.0,2023-01-15,150.5
CUST-1152,45,Female,120000.0,2023-01-15,300.0
CUST-1153,45,Male,62000.0,2023-01-15,300.0
CUST-1154,22,Female,62000.0,2023-01-15,300.0
CUST-1155,45,Male,120000.0,2023-01-15,300.0
CUST-1156,50,Female,120000.0,2023-01-15,150.5
CUST-1157,35,Male,85000.0,2023-01-15,1200.75
CUST-1158,35,Female,120000.0,2023-01-15,300.0
CUST-1159,45,Female,62000.0,2023-01-15,300.0
CUST-1160,22,Male,62000.0,2023-01-15,1200.75
CUST-1161,50,Female,45000.0,2023-01-15,300.0
CUST-1162,35,Female,62000.0,2023-01-15,150.5
CUST-1163,35,Male,62000.0,2023-01-15,150.5
CUST-1164,35,Female,85000.0,2023-01-15,1200.75
CUST-1165,35,Male,62000.0,2023-01-15,300.0
CUST-1166,35,Female,45000.0,2023-01-15,300.0
CUST-1167,45,Male,62000.0,2023-01-15,300.0
CUST-1168,22,Male,85000.0,2023-01-15,300.0
CUST-1169,35,Male,62000.0,2023-01-15,300.0
CUST-1170,35,Male,85000.0,2023-01-15,1200.75
CUST-1171,35,Female,62000.0,2023-01-15,1200.75
CUST-1172,35,Male,120000.0,2023-01-15,300.0
CUST-1173,29,Male,62000.0,2023-01-15,150.5
CUST-1174,50,Female,62000.0,2023-01-15,300.0
CUST-1175,45,Female,62000.0,2023-01-15,300.0
CUST-1176,35,Female,62000.0,2023-01-15,150.5
CUST-1177,35,Female,120000.0,2023-01-15,1200.75
CUST-1178,22,Female,85000.0,2023-01-15,300.0
CUST-1179,29,Male,120000.0,2023-01-15,300.0
CUST-1180,50,Female,45000.0,2023-01-15,300.0
CUST-1181,29,Female,120000.0,2023-01-15,300.0
CUST-1182,35,Female,45000.0,2023-01-15,300.0
CUST-1183,50,Male,120000.0,2023-01-15,300.0
CUST-1184,35,Male,45000.0,2023-01-15,300.0
CUST-1185,35,Male,62000.0,2023-01-15,300.0
CUST-1186,50,Female,62000.0,2023-01-15,300.0
CUST-1187,35,Male,62000.0,2023-01-15,300.0
CUST-1188,45,Male,62000.0,2023-01-15,150.5
CUST-1189,50,Female,62000.0,2023-01-15,300.0
CUST-1190,29,Female,85000.0,2023-01-15,300.0
CUST-1191,50,Male,120000.0,2023-01-15,300.0
CUST-1192,35,Female,62000.0,2023-01-15,150.5
CUST-1193,45,Female,85000.0,2023-01-15,300.0
CUST-1194,45,Male,85000.0,2023-01-15,1200.75
CUST-1195,35,Male,45000.0,2023-01-15,300.0
CUST-1196,29,Male,62000.0,2023-01-15,300.0
CUST-1197,35,Female,62000.0,2023-01-15,300.0
CUST-1198,35,Female,62000.0,2023-01-15,150.5
CUST-1199,50,Female,62000.0,2023-01-15,300.0
CUST-1200,35,Male,62000.0,2023-01-15,150.5
CUST-1201,22,Male,120000.0,2023-01-15,300.0
CUST-1202,50,Female,62000.0,2023-01-15,1200.75
CUST-1203,35,Male,62000.0,2023-01-15,150.5
CUST-1204,29,Female,62000.0,2023-01-15,300.0
CUST-1205,29,Female,120000.0,2023-01-15,150.5
CUST-1206,29,Female,45000.0,2023-01-15,150.5
CUST-1207,29,Female,62000.0,2023-01-15,1200.75
CUST-1208,29,Female,45000.0,2023-01-15,300.0
CUST-1209,35,Male,45000.0,2023-01-15,300.0
CUST-1210,35,Male,45000.0,2023-01-15,150.5
CUST-1211,45,Female,85000.0,2023-01-15,300.0
CUST-1212,35,Female,62000.0,2023-01-15,300.0
CUST-1213,35,Female,85000.0,2023-01-15,300.0
CUST-1214,29,Male,62000.0,2023-01-15,300.0
CUST-1215,22,Female,45000.0,2023-01-15,150.5
CUST-1216,35,Male,62000.0,2023-01-15,150.5
CUST-1217,35,Female,62000.0,2023-01-15,150.5
CUST-1218,22,Male,120000.0,2023-01-15,150.5
CUST-1219,22,Female,120000.0,2023-01-15,300.0
CUST-1220,22,Female,62000.0,2023-01-15,150.5
CUST-1221,45,Female,62000.0,2023-01-15,300.0
CUST-1222,35,Female,62000.0,2023-01-15,300.0
CUST-1223,22,Male,85000.0,2023-01-15,150.5
CUST-1224,29,Female,45000.0,2023-01-15,1200.75
CUST-1225,50,Female,62000.0,2023-01-15,300.0
CUST-1226,22,Female,120000.0,2023-01-15,300.0
CUST-1227,45,Male,85000.0,2023-01-15,300.0
CUST-1228,35,Male,85000.0,2023-01-15,300.0
CUST-1229,35,Female,45000.0,2023-01-15,1200.75
CUST-1230,45,Female,62000.0,2023-01-15,300.0
CUST-1231,22,Female,120000.0,2023-01-15,300.0
CUST-1232,35,Male,62000.0,2023-01-15,300.0
CUST-1233,50,Female,85000.0,2023-01-15,150.5
CUST-1234,22,Male,45000.0,2023-01-15,1200.75
CUST-1235,45,Female,62000.0,2023-01-15,300.0
CUST-1236,35,Female,62000.0,2023-01-15,1200.75
CUST-1237,29,Male,120000.0,2023-01-15,150.5
CUST-1238,35,Male,62000.0,2023-01-15,150.5
CUST-1239,45,Male,85000.0,2023-01-15,300.0
CUST-1240,35,Female,62000.0,2023-01-15,150.5
CUST-1241,22,Female,62000.0,2023-01-15,300.0
CUST-1242,29,Male,62000.0,2023-01-15,300.0
CUST-1243,22,Male,85000.0,2023-01-15,300.0
CUST-1244,35,Male,85000.0,2023-01-15,1200.75
CUST-1245,22,Female,62000.0,2023-01-15,300.0
CUST-1246,35,Male,62000.0,2023-01-15,300.0
CUST-1247,29,Female,62000.0,2023-01-15,150.5
CUST-1248,29,Female,120000.0,2023-01-15,150.5
CUST-1249,35,Female,45000.0,2023-01-15,150.5
CUST-1250,35,Female,62000.0,2023-01-15,150.5
CUST-1251,35,Female,62000.0,2023-01-15,1200.75
CUST-1252,45,Male,45000.0,2023-01-15,300.0
CUST-1253,22,Male,62000.0,2023-01-15,300.0
CUST-1254,50,Male,62000.0,2023-01-15,1200.75
CUST-1255,22,Male,85000.0,2023-01-15,1200.75
CUST-1256,22,Male,62000.0,2023-01-15,300.0
CUST-1257,45,Male,62000.0,2023-01-15,300.0
CUST-1258,22,Female,45000.0,2023-01-15,150.5
CUST-1259,35,Female,45000.0,2023-01-15,1200.75
CUST-1260,35,Female,45000.0,2023-01-15,300.0
CUST-1261,29,Female,45000.0,2023-01-15,300.0
CUST-1262,35,Male,45000.0,2023-01-15,300.0
CUST-1263,35,Female,62000.0,2023-01-15,300.0
CUST-1264,50,Male,62000.0,2023-01-15,300.0
CUST-1265,22,Female,62000.0,2023-01-15,300.0
CUST-1266,22,Female,85000.0,2023-01-15,300.0
CUST-1267,45,Male,85000.0,2023-01-15,150.5
CUST-1268,35,Female,62000.0,2023-01-15,300.0
CUST-1269,35,Female,62000.0,2023-01-15,300.0
CUST-1270,50,Male,85000.0,2023-01-15,300.0
CUST-1271,29,Female,85000.0,2023-01-15,300.0
CUST-1272,35,Female,62000.0,2023-01-15,300.0
CUST-1273,35,Female,120000.0,2023-01-15,300.0
CUST-1274,35,Female,62000.0,2023-01-15,1200.75
CUST-1275,29,Female,45000.0,2023-01-15,300.0
CUST-1276,35,Female,120000.0,2023-01-15,300.0
CUST-1277,45,Male,62000.0,2023-01-15,1200.75
CUST-1278,45,Female,85000.0,2023-01-15,1200.75
CUST-1279,22,Female,120000.0,2023-01-15,300.0
CUST-1280,35,Female,62000.0,2023-01-15,300.0
CUST-1281,35,Female,62000.0,2023-01-15,1200.75
CUST-1282,50,Male,45000.0,2023-01-15,300.0
CUST-1283,29,Male,45000.0,2023-01-15,300.0
CUST-1284,35,Male,62000.0,2023-01-15,150.5
CUST-1285,35,Male,62000.0,2023-01-15,300.0
CUST-1286,35,Female,85000.0,2023-01-15,1200.75
CUST-1287,45,Female,45000.0,2023-01-15,1200.75
CUST-1288,35,Male,62000.0,2023-01-15,300.0
CUST-1289,22,Female,120000.0,2023-01-15,300.0
CUST-1290,22,Female,62000.0,2023-01-15,300.0
CUST-1291,29,Male,62000.0,2023-01-15,1200.75
CUST-1292,45,Female,62000.0,2023-01-15,300.0
CUST-1293,35,Female,62000.0,2023-01-15,300.0
CUST-1294,50,Male,85000.0,2023-01-15,300.0
CUST-1295,45,Female,62000.0,2023-01-15,300.0
CUST-1296,29,Female,45000.0,2023-01-15,300.0
CUST-1297,29,Female,62000.0,2023-01-15,1200.75
CUST-1298,45,Female,62000.0,2023-01-15,300.0
CUST-1299,29,Male,62000.0,2023-01-15,300.0
CUST-1300,45,Female,120000.0,2023-01-15,1200.75
CUST-1301,35,Male,62000.0,2023-01-15,300.0
CUST-1302,45,Male,120000.0,2023-01-15,300.0
CUST-1303,35,Female,62000.0,2023-01-15,300.0
CUST-1304,45,Female,62000.0,2023-01-15,300.0
CUST-1305,29,Female,62000.0,2023-01-15,150.5
CUST-1306,35,Male,120000.0,2023-01-15,300.0
CUST-1307,29,Female,120000.0,2023-01-15,300.0
CUST-1308,22,Female,62000.0,2023-01-15,300.0
CUST-1309,22,Male,62000.0,2023-01-15,150.5
CUST-1310,35,Male,85000.0,2023-01-15,1200.75
CUST-1311,35,Male,85000.0,2023-01-15,300.0
CUST-1312,22,Female,85000.0,2023-01-15,300.0
CUST-1313,45,Female,120000.0,2023-01-15,300.0
CUST-1314,29,Female,120000.0,2023-01-15,150.5
CUST-1315,22,Male,62000.0,2023-01-15,300.0
CUST-1316,22,Female,85000.0,2023-01-15,300.0
CUST-1317,35,Female,85000.0,2023-01-15,300.0
CUST-1318,35,Female,62000.0,2023-01-15,300.0
CUST-1319,35,Female,120000.0,2023-01-15,300.0
CUST-1320,35,Female,85000.0,2023-01-15,300.0
CUST-1321,35,Female,62000.0,2023-01-15,150.5
CUST-1322,45,Female,62000.0,2023-01-15,300.0
CUST-1323,35,Female,62000.0,2023-01-15,300.0
CUST-1324,29,Male,62000.0,2023-01-15,300.0
CUST-1325,35,Female,62000.0,2023-01-15,1200.75
CUST-1326,22,Female,62000.0,2023-01-15,300.0
CUST-1327,29,Female,85000.0,2023-01-15,300.0
CUST-1328,29,Male,120000.0,2023-01-15,300.0
CUST-1329,22,Male,62000.0,2023-01-15,150.5
CUST-1330,35,Female,62000.0,2023-01-15,300.0
CUST-1331,22,Male,62000.0,2023-01-15,150.5
CUST-1332,35,Male,62000.0,2023-01-15,300.0
CUST-1333,29,Female,45000.0,2023-01-15,300.0
CUST-1334,50,Male,45000.0,2023-01-15,150.5
CUST-1335,50,Male,120000.0,2023-01-15,300.0
CUST-1336,45,Female,85000.0,2023-01-15,300.0
CUST-1337,35,Female,120000.0,2023-01-15,150.5
CUST-1338,22,Female,120000.0,2023-01-15,300.0
CUST-1339,22,Male,120000.0,2023-01-15,1200.75
CUST-1340,45,Female,120000.0,2023-01-15,300.0
CUST-1341,45,Female,62000.0,2023-01-15,300.0
CUST-1342,45,Female,62000.0,2023-01-15,300.0
CUST-1343,29,Male,62000.0,2023-01-15,1200.75
CUST-1344,35,Female,45000.0,2023-01-15,300.0
CUST-1345,22,Male,120000.0,2023-01-15,300.0
CUST-1346,29,Male,62000.0,2023-01-15,300.0
CUST-1347,45,Female,45000.0,2023-01-15,150.5
CUST-1348,22,Male,62000.0,2023-01-15,300.0
CUST-1349,29,Female,85000.0,2023-01-15,1200.75
CUST-1350,35,Female,62000.0,2023-01-15,300.0
CUST-1351,29,Female,62000.0,2023-01-15,300.0
CUST-1352,35,Female,45000.0,2023-01-15,150.5
CUST-1353,45,Male,62000.0,2023-01-15,300.0
CUST-1354,35,Female,85000.0,2023-01-15,300.0
CUST-1355,22,Female,45000.0,2023-01-15,150.5
CUST-1356,45,Male,62000.0,2023-01-15,1200.75
CUST-1357,22,Male,62000.0,2023-01-15,300.0
CUST-1358,50,Female,62000.0,2023-01-15,300.0
CUST-1359,35,Male,62000.0,2023-01-15,150.5
CUST-1360,35,Female,62000.0,2023-01-15,300.0
CUST-1361,35,Female,120000.0,2023-01-15,150.5
CUST-1362,35,Female,62000.0,2023-01-15,300.0
CUST-1363,35,Male,45000.0,2023-01-15,1200.75
CUST-1364,45,Female,45000.0,2023-01-15,300.0
CUST-1365,50,Male,62000.0,2023-01-15,1200.75
CUST-1366,22,Female,85000.0,2023-01-15,300.0
CUST-1367,29,Female,62000.0,2023-01-15,150.5
CUST-1368,22,Male,45000.0,2023-01-15,300.0
CUST-1369,29,Male,62000.0,2023-01-15,300.0
CUST-1370,22,Male,45000.0,2023-01-15,150.5
CUST-1371,35,Female,62000.0,2023-01-15,150.5
CUST-1372,50,Female,120000.0,2023-01-15,300.0
CUST-1373,29,Female,45000.0,2023-01-15,1200.75
CUST-1374,35,Female,62000.0,2023-01-15,300.0
CUST-1375,45,Female,62000.0,2023-01-15,300.0
CUST-1376,22,Female,45000.0,2023-01-15,1200.75
CUST-1377,22,Female,85000.0,2023-01-15,300.0
CUST-1378,29,Male,120000.0,2023-01-15,300.0
CUST-1379,45,Female,45000.0,2023-01-15,150.5
CUST-1380,45,Female,62000.0,2023-01-15,150.5
CUST-1381,35,Male,85000.0,2023-01-15,1200.75
CUST-1382,35,Male,62000.0,2023-01-15,300.0
CUST-1383,35,Female,62000.0,2023-01-15,1200.75
CUST-1384,35,Female,62000.0,2023-01-15,300.0
CUST-1385,35,Male,85000.0,2023-01-15,300.0
CUST-1386,35,Male,62000.0,2023-01-15,300.0
CUST-1387,35,Male,85000.0,2023-01-15,300.0
CUST-1388,50,Female,45000.0,2023-01-15,300.0
CUST-1389,45,Male,85000.0,2023-01-15,300.0
CUST-1390,35,Male,85000.0,2023-01-15,150.5
CUST-1391,45,Female,120000.0,2023-01-15,300.0
CUST-1392,45,Female,85000.0,2023-01-15,1200.75
CUST-1393,35,Female,85000.0,2023-01-15,150.5
CUST-1394,50,Male,62000.0,2023-01-15,150.5
CUST-1395,35,Female,45000.0,2023-01-15,1200.75
CUST-1396,22,Male,120000.0,2023-01-15,150.5
CUST-1397,29,Male,62000.0,2023-01-15,300.0
CUST-1398,35,Female,62000.0,2023-01-15,300.0
CUST-1399,22,Male,45000.0,2023-01-15,150.5
CUST-1400,50,Male,45000.0,2023-01-15,300.0
CUST-1401,29,Female,62000.0,2023-01-15,300.0
CUST-1402,50,Male,85000.0,2023-01-15,300.0
CUST-1403,45,Female,62000.0,2023-01-15,300.0
CUST-1404,29,Male,62000.0,2023-01-15,300.0
CUST-1405,45,Female,120000.0,2023-01-15,1200.75
CUST-1406,22,Male,62000.0,2023-01-15,300.0
CUST-1407,22,Male,62000.0,2023-01-15,300.0
CUST-1408,29,Male,45000.0,2023-01-15,1200.75
CUST-1409,29,Female,45000.0,2023-01-15,300.0
CUST-1410,35,Male,120000.0,2023-01-15,300.0
CUST-1411,50,Male,45000.0,2023-01-15,300.0
CUST-1412,35,Male,45000.0,2023-01-15,1200.75
CUST-1413,50,Male,120000.0,2023-01-15,300.0
CUST-1414,35,Female,62000.0,2023-01-15,300.0
CUST-1415,45,Male,62000.0,2023-01-15,300.0
CUST-1416,29,Female,120000.0,2023-01-15,150.5
CUST-1417,22,Female,62000.0,2023-01-15,1200.75
CUST-1418,50,Female,45000.0,2023-01-15,300.0
CUST-1419,50,Female,45000.0,2023-01-15,300.0
CUST-1420,22,Male,62000.0,2023-01-15,300.0
CUST-1421,35,Female,62000.0,2023-01-15,300.0
CUST-1422,50,Female,85000.0,2023-01-15,300.0
CUST-1423,35,Female,85000.0,2023-01-15,300.0
CUST-1424,45,Female,85000.0,2023-01-15,300.0
CUST-1425,29,Male,62000.0,2023-01-15,300.0
CUST-1426,22,Female,62000.0,2023-01-15,150.5
CUST-1427,29,Female,62000.0,2023-01-15,300.0
CUST-1428,35,Female,45000.0,2023-01-15,150.5
CUST-1429,50,Female,62000.0,2023-01-15,300.0
CUST-1430,50,Female,62000.0,2023-01-15,150.5
CUST-1431,35,Male,62000.0,2023-01-15,300.0
CUST-1432,22,Male,85000.0,2023-01-15,300.0
CUST-1433,45,Male,62000.0,2023-01-15,1200.75
CUST-1434,35,Male,45000.0,2023-01-15,300.0
CUST-1435,22,Female,62000.0,2023-01-15,300.0
CUST-1436,35,Female,85000.0,2023-01-15,1200.75
CUST-1437,35,Male,62000.0,2023-01-15,300.0
CUST-1438,35,Female,62000.0,2023-01-15,300.0
CUST-1439,35,Male,62000.0,2023-01-15,300.0
CUST-1440,45,Male,120000.0,2023-01-15,150.5
CUST-1441,35,Female,45000.0,2023-01-15,150.5
CUST-1442,35,Female,62000.0,2023-01-15,300.0
CUST-1443,35,Female,62000.0,2023-01-15,300.0
CUST-1444,35,Female,62000.0,2023-01-15,300.0
CUST-1445,35,Male,85000.0,2023-01-15,150.5
CUST-1446,35,Male,120000.0,2023-01-15,300.0
CUST-1447,35,Male,45000.0,2023-01-15,300.0
CUST-1448,45,Female,62000.0,2023-01-15,300.0
CUST-1449,35,Female,85000.0,2023-01-15,300.0
CUST-1450,35,Female,62000.0,2023-01-15,300.0
CUST-1451,35,Male,62000.0,2023-01-15,300.0
CUST-1452,22,Male,85000.0,2023-01-15,150.5
CUST-1453,22,Male,62000.0,2023-01-15,300.0
CUST-1454,22,Female,62000.0,2023-01-15,300.0
CUST-1455,45,Female,120000.0,2023-01-15,300.0
CUST-1456,35,Male,45000.0,2023-01-15,150.5
CUST-1457,35,Male,120000.0,2023-01-15,300.0
CUST-1458,50,Male,62000.0,2023-01-15,300.0
CUST-1459,35,Female,62000.0,2023-01-15,1200.75
CUST-1460,35,Male,45000.0,2023-01-15,150.5
CUST-1461,35,Female,45000.0,2023-01-15,150.5
CUST-1462,45,Female,85000.0,2023-01-15,150.5
CUST-1463,35,Female,85000.0,2023-01-15,1200.75
CUST-1464,22,Female,62000.0,2023-01-15,1200.75
CUST-1465,50,Female,62000.0,2023-01-15,300.0
CUST-1466,29,Male,45000.0,2023-01-15,300.0
CUST-1467,35,Male,62000.0,2023-01-15,300.0
CUST-1468,35,Male,85000.0,2023-01-15,300.0
CUST-1469,22,Female,85000.0,2023-01-15,1200.75
CUST-1470,29,Female,45000.0,2023-01-15,1200.75
CUST-1471,50,Female,120000.0,2023-01-15,300.0
CUST-1472,29,Female,62000.0,2023-01-15,300.0
CUST-1473,22,Female,85000.0,2023-01-15,300.0
CUST-1474,35,Female,62000.0,2023-01-15,300.0
CUST-1475,35,Female,62000.0,2023-01-15,300.0
CUST-1476,29,Male,85000.0,2023-01-15,150.5
CUST-1477,45,Male,120000.0,2023-01-15,300.0
CUST-1478,35,Male,120000.0,2023-01-15,300.0
CUST-1479,35,Female,62000.0,2023-01-15,300.0
CUST-1480,29,Female,62000.0,2023-01-15,1200.75
CUST-1481,35,Female,62000.0,2023-01-15,300.0
CUST-1482,35,Male,62000.0,2023-01-15,1200.75
CUST-1483,35,Female,62000.0,2023-01-15,300.0
CUST-1484,35,Male,62000.0,2023-01-15,150.5
CUST-1485,35,Male,45000.0,2023-01-15,300.0
CUST-1486,45,Male,62000.0,2023-01-15,1200.75
CUST-1487,22,Female,85000.0,2023-01-15,300.0
CUST-1488,35,Female,62000.0,2023-01-15,1200.75
CUST-1489,35,Male,85000.0,2023-01-15,300.0
CUST-1490,35,Male,120000.0,2023-01-15,1200.75
CUST-1491,50,Female,62000.0,2023-01-15,300.0
CUST-1492,35,Male,120000.0,2023-01-15,300.0
CUST-1493,35,Female,62000.0,2023-01-15,300.0
CUST-1494,35,Male,62000.0,2023-01-15,300.0
CUST-1495,35,Female,45000.0,2023-01-15,150.5
CUST-1496,22,Male,62000.0,2023-01-15,300.0
CUST-1497,29,Female,120000.0,2023-01-15,150.5
CUST-1498,35,Female,85000.0,2023-01-15,300.0
CUST-1499,35,Female,62000.0,2023-01-15,150.5
